{
  "model": "yolo",
  "weights": "runs/detect/outputs/yolo/yolo11n-3/weights/best.pt",
  "score_threshold": 0.001,
  "iou_threshold_for_confusion": 0.5,
  "num_val_images": 1496,
  "precision_at_threshold": 0.16961598339387648,
  "recall_at_threshold": 0.9416594641313742,
  "mAP50": 0.8072658210204131,
  "mAP50-95": 0.5128989451829862,
  "mAP_detail": {
    "0.5": {
      "map": 0.8072658210204131,
      "ap_per_class": {
        "car": 0.9292036646029977,
        "pedestrian": 0.7203306314145229,
        "cyclist": 0.7722631670437187
      }
    },
    "0.55": {
      "map": 0.78166933200683,
      "ap_per_class": {
        "car": 0.9211202991347955,
        "pedestrian": 0.6783781635308774,
        "cyclist": 0.745509533354817
      }
    },
    "0.6000000000000001": {
      "map": 0.7466500904830543,
      "ap_per_class": {
        "car": 0.9098572410143424,
        "pedestrian": 0.6213151671159095,
        "cyclist": 0.7087778633189112
      }
    },
    "0.6500000000000001": {
      "map": 0.6977036321944396,
      "ap_per_class": {
        "car": 0.8906063446518637,
        "pedestrian": 0.5427734928158163,
        "cyclist": 0.6597310591156391
      }
    },
    "0.7000000000000002": {
      "map": 0.6301926134080859,
      "ap_per_class": {
        "car": 0.862013026163769,
        "pedestrian": 0.4583253300467843,
        "cyclist": 0.5702394840137043
      }
    },
    "0.7500000000000002": {
      "map": 0.5518374967383101,
      "ap_per_class": {
        "car": 0.8184049377293757,
        "pedestrian": 0.3568186595528818,
        "cyclist": 0.48028889293267246
      }
    },
    "0.8000000000000003": {
      "map": 0.42623149333378496,
      "ap_per_class": {
        "car": 0.749687186988643,
        "pedestrian": 0.2393899658623667,
        "cyclist": 0.2896173271503451
      }
    },
    "0.8500000000000003": {
      "map": 0.2980652636927558,
      "ap_per_class": {
        "car": 0.6378397006493928,
        "pedestrian": 0.10332183229582692,
        "cyclist": 0.1530342581330478
      }
    },
    "0.9000000000000004": {
      "map": 0.1598864776128633,
      "ap_per_class": {
        "car": 0.4071363410166384,
        "pedestrian": 0.025749395259261985,
        "cyclist": 0.04677369656268941
      }
    },
    "0.9500000000000004": {
      "map": 0.029487231339325345,
      "ap_per_class": {
        "car": 0.08425677204772002,
        "pedestrian": 0.0029918276818594863,
        "cyclist": 0.001213094288396529
      }
    }
  },
  "confusion_matrix_raw": [
    [
      5581.0,
      5.0,
      9.0,
      22462.0
    ],
    [
      5.0,
      682.0,
      9.0,
      6409.0
    ],
    [
      2.0,
      20.0,
      274.0,
      3082.0
    ],
    [
      210.0,
      124.0,
      21.0,
      0.0
    ]
  ],
  "classes": [
    "car",
    "pedestrian",
    "cyclist",
    "background"
  ]
}