{
  "model": "yolo_yolo11n",
  "map": 0.5164117003379788,
  "map_50": 0.8003360659557891,
  "map_75": 0.5623240548921082,
  "map_per_class": {
    "car": 0.7203955321291909,
    "pedestrian": 0.3828740948108136,
    "cyclist": 0.44596547407393167
  },
  "fps": 474.94064273753827,
  "fps_end_to_end": 237.93395710417207,
  "speed_ms": {
    "preprocess": 0.8083602941175491,
    "inference": 2.10552627005354,
    "loss": 0.0007297459885186962,
    "postprocess": 1.2882306149734062
  }
}