{
  "model": "faster_rcnn",
  "map": 0.6370930671691895,
  "map_50": 0.908509373664856,
  "map_75": 0.7331489324569702,
  "map_per_class": {
    "car": 0.7915861010551453,
    "pedestrian": 0.4922155439853668,
    "cyclist": 0.6274775862693787
  },
  "fps": 10.27427597294279,
  "params_millions": 43.27
}