{
  "model": "faster_rcnn",
  "weights": "outputs/faster_rcnn/best.pt",
  "score_threshold": 0.001,
  "iou_threshold_for_confusion": 0.5,
  "num_val_images": 1496,
  "precision_at_threshold": 0.8006760835446094,
  "recall_at_threshold": 0.9553442811869778,
  "mAP50": 0.9332323331574305,
  "mAP50-95": 0.6826199590224621,
  "mAP_detail": {
    "0.5": {
      "map": 0.9332323331574305,
      "ap_per_class": {
        "car": 0.9746638746199605,
        "pedestrian": 0.8908470960516544,
        "cyclist": 0.9341860288006769
      }
    },
    "0.55": {
      "map": 0.9234969965598289,
      "ap_per_class": {
        "car": 0.9735099847720458,
        "pedestrian": 0.8649613159257923,
        "cyclist": 0.9320196889816483
      }
    },
    "0.6000000000000001": {
      "map": 0.909607274054455,
      "ap_per_class": {
        "car": 0.9719706866503355,
        "pedestrian": 0.8410509369604602,
        "cyclist": 0.9158001985525693
      }
    },
    "0.6500000000000001": {
      "map": 0.8849059056416625,
      "ap_per_class": {
        "car": 0.968262383309204,
        "pedestrian": 0.7849283695744975,
        "cyclist": 0.901526964041286
      }
    },
    "0.7000000000000002": {
      "map": 0.848988076610912,
      "ap_per_class": {
        "car": 0.9620188488927518,
        "pedestrian": 0.7097111069468066,
        "cyclist": 0.8752342739931778
      }
    },
    "0.7500000000000002": {
      "map": 0.7843666042306271,
      "ap_per_class": {
        "car": 0.9486585958804279,
        "pedestrian": 0.5862462898458187,
        "cyclist": 0.8181949269656345
      }
    },
    "0.8000000000000003": {
      "map": 0.6743987450588976,
      "ap_per_class": {
        "car": 0.9228069731856917,
        "pedestrian": 0.41925005613442107,
        "cyclist": 0.6811392058565799
      }
    },
    "0.8500000000000003": {
      "map": 0.5082578589259455,
      "ap_per_class": {
        "car": 0.8435778343974929,
        "pedestrian": 0.21933513029380336,
        "cyclist": 0.46186061208654045
      }
    },
    "0.9000000000000004": {
      "map": 0.28961355272000733,
      "ap_per_class": {
        "car": 0.624099701108834,
        "pedestrian": 0.07144486952162872,
        "cyclist": 0.1732960875295593
      }
    },
    "0.9500000000000004": {
      "map": 0.06933224326485403,
      "ap_per_class": {
        "car": 0.16322289036153748,
        "pedestrian": 0.006209289750947973,
        "cyclist": 0.03856454968207662
      }
    }
  },
  "confusion_matrix_raw": [
    [
      5594.0,
      0.0,
      1.0,
      882.0
    ],
    [
      0.0,
      747.0,
      3.0,
      599.0
    ],
    [
      0.0,
      14.0,
      291.0,
      152.0
    ],
    [
      204.0,
      70.0,
      18.0,
      0.0
    ]
  ],
  "classes": [
    "car",
    "pedestrian",
    "cyclist",
    "background"
  ]
}